avg_of_avg_durations: 6155441178.677334, pstdev_of_avgs_durations: 599709716.6109966
 avg_of_ pstdev/avg: 0.17049104807373147, pstdev_of_pstdev/avg: 0.039400165386863396
