avg_of_avg_durations: 2576224331.32, pstdev_of_avgs_durations: 181311533.4498085
 avg_of_ pstdev/avg: 0.16482189816852433, pstdev_of_pstdev/avg: 0.04060699589752467
