avg_of_avg_durations: 5708021052.525333, pstdev_of_avgs_durations: 412784443.4916652
 avg_of_ pstdev/avg: 0.1711147251011328, pstdev_of_pstdev/avg: 0.028250205046586357
