avg_of_avg_durations: 9005844490.386667, pstdev_of_avgs_durations: 1106816299.9072626
 avg_of_ pstdev/avg: 0.17795254304842983, pstdev_of_pstdev/avg: 0.03787197789766502
