avg_of_avg_durations: 107500750.18666667, pstdev_of_avgs_durations: 17286352.9798837
 avg_of_ pstdev/avg: 0.25862103521284613, pstdev_of_pstdev/avg: 0.08351494317810308
