avg_of_avg_durations: 105241721.704, pstdev_of_avgs_durations: 12881098.291772049
 avg_of_ pstdev/avg: 0.2666396227355155, pstdev_of_pstdev/avg: 0.05715800626668519
