avg_of_avg_durations: 2625080963.346667, pstdev_of_avgs_durations: 220513760.69500256
 avg_of_ pstdev/avg: 0.18477688968742276, pstdev_of_pstdev/avg: 0.06216976627630892
