avg_of_avg_durations: 9053182932.181334, pstdev_of_avgs_durations: 1044629464.4110103
 avg_of_ pstdev/avg: 0.1835180381206899, pstdev_of_pstdev/avg: 0.04210275434925151
