avg_of_avg_durations: 13265310494.704, pstdev_of_avgs_durations: 2186231243.75295
 avg_of_ pstdev/avg: 0.16703577247473086, pstdev_of_pstdev/avg: 0.03756824116935256
