avg_of_avg_durations: 15876195269.698668, pstdev_of_avgs_durations: 1577712287.9339218
 avg_of_ pstdev/avg: 0.14897028532621312, pstdev_of_pstdev/avg: 0.04029368748280865
