avg_of_avg_durations: 14690853588.488, pstdev_of_avgs_durations: 1690717323.0553586
 avg_of_ pstdev/avg: 0.19228205732278061, pstdev_of_pstdev/avg: 0.0389064471321718
