avg_of_avg_durations: 12131716048.661333, pstdev_of_avgs_durations: 1043975148.9108626
 avg_of_ pstdev/avg: 0.1844779370762484, pstdev_of_pstdev/avg: 0.04016081243112196
