avg_of_avg_durations: 55730594555.082664, pstdev_of_avgs_durations: 10007287883.630518
 avg_of_ pstdev/avg: 0.18135066075705128, pstdev_of_pstdev/avg: 0.043414148373534224
