avg_of_avg_durations: 34845123402.57867, pstdev_of_avgs_durations: 3138900242.5618386
 avg_of_ pstdev/avg: 0.17485246379857675, pstdev_of_pstdev/avg: 0.03433112498498388
