avg_of_avg_durations: 26565311194.010666, pstdev_of_avgs_durations: 3161234868.4870996
 avg_of_ pstdev/avg: 0.16134908478838617, pstdev_of_pstdev/avg: 0.027340761322003408
