avg_of_avg_durations: 29417751072.752, pstdev_of_avgs_durations: 3708332171.892837
 avg_of_ pstdev/avg: 0.16946225103606236, pstdev_of_pstdev/avg: 0.04190551452060033
