avg_of_avg_durations: 81679038568.94667, pstdev_of_avgs_durations: 8701679640.38981
 avg_of_ pstdev/avg: 0.1811368559644821, pstdev_of_pstdev/avg: 0.03459643977793129
