avg_of_avg_durations: 71465095657.93866, pstdev_of_avgs_durations: 8254695809.447952
 avg_of_ pstdev/avg: 0.1692759268868473, pstdev_of_pstdev/avg: 0.041832649788902804
