avg_of_avg_durations: 23450579980.45067, pstdev_of_avgs_durations: 2453083854.7782564
 avg_of_ pstdev/avg: 0.16533352956196068, pstdev_of_pstdev/avg: 0.03493716656171324
